{"data":{"id":1,"source":3,"x":0,"y":0},"timestamp":1751130602622,"type":3,"seqNo":0}
{"data":{"height":694,"href":"http://localhost:5173/generate","width":1037},"timestamp":1751130603125,"type":4,"seqNo":1}
{"data":{"initialOffset":{"left":0,"top":0},"node":{"childNodes":[{"id":2,"name":"html","publicId":"","rootId":null,"systemId":"","type":1},{"attributes":{"lang":"en"},"childNodes":[{"attributes":{},"childNodes":[{"id":5,"rootId":null,"textContent":"\n    ","type":3},{"attributes":{"type":"module"},"childNodes":[{"id":7,"rootId":null,"textContent":"SCRIPT_PLACEHOLDER","type":3}],"id":6,"isCustom":null,"isSVG":null,"rootId":null,"tagName":"script","type":2},{"id":8,"rootId":null,"textContent":"\n\n    ","type":3},{"attributes":{"src":"http://localhost:5173/@vite/client","type":"module"},"childNodes":[],"id":9,"isCustom":null,"isSVG":null,"rootId":null,"tagName":"script","type":2},{"id":10,"rootId":null,"textContent":"\n\n    ","type":3},{"attributes":{"charset":"UTF-8"},"childNodes":[],"id":11,"isCustom":null,"isSVG":null,"rootId":null,"tagName":"meta","type":2},{"id":12,"rootId":null,"textContent":"\n    ","type":3},{"attributes":{"href":"http://localhost:5173/vite.svg","rel":"icon","type":"image/svg+xml"},"childNodes":[],"id":13,"isCustom":null,"isSVG":null,"rootId":null,"tagName":"link","type":2},{"id":14,"rootId":null,"textContent":"\n    ","type":3},{"attributes":{"href":"https://fonts.googleapis.com/css2?family=Roboto&display=swap","rel":"stylesheet"},"childNodes":[],"id":15,"isCustom":null,"isSVG":null,"rootId":null,"tagName":"link","type":2},{"id":16,"rootId":null,"textContent":"\n    ","type":3},{"attributes":{"content":"width=device-width, initial-scale=1.0","name":"viewport"},"childNodes":[],"id":17,"isCustom":null,"isSVG":null,"rootId":null,"tagName":"meta","type":2},{"id":18,"rootId":null,"textContent":"\n    ","type":3},{"attributes":{},"childNodes":[{"id":20,"rootId":null,"textContent":"Межгалактическая аналитика","type":3}],"id":19,"isCustom":null,"isSVG":null,"rootId":null,"tagName":"title","type":2},{"id":21,"rootId":null,"textContent":"\n  ","type":3},{"attributes":{"_cssText":"@font-face { font-family: Roboto; src: url(\"http://localhost:5173/fonts/Roboto-Regular.ttf\") format(\"truetype\"); font-weight: 400; font-style: normal; }@font-face { font-family: Roboto; src: url(\"http://localhost:5173/fonts/Roboto-Medium.ttf\") format(\"truetype\"); font-weight: 500; font-style: normal; }:root { font-family: Roboto, sans-serif; line-height: 1.5; font-weight: 400; color-scheme: light dark; color: rgba(255, 255, 255, 0.87); background-color: rgb(252, 226, 255); font-synthesis: none; text-rendering: optimizelegibility; -webkit-font-smoothing: antialiased; }","data-vite-dev-id":"C:/Users/User/Desktop/galactic-analytics-js/galactic-analytics/src/index.css","type":"text/css"},"childNodes":[{"id":23,"rootId":null,"textContent":"","type":3}],"id":22,"isCustom":null,"isSVG":null,"rootId":null,"tagName":"style","type":2},{"attributes":{"data-vite-dev-id":"C:/Users/User/Desktop/galactic-analytics-js/galactic-analytics/src/App.css","type":"text/css"},"childNodes":[],"id":24,"isCustom":null,"isSVG":null,"rootId":null,"tagName":"style","type":2},{"attributes":{"_cssText":"._header_1vrqq_1 { display: flex; justify-content: space-between; margin: 40px 40px 80px; font-family: Roboto, sans-serif; font-size: 30px; color: rgb(32, 27, 16); font-weight: 400; }._left_1vrqq_11 { display: flex; align-items: center; gap: 40px; }._title_1vrqq_17 { background-color: rgb(203, 129, 255); font-weight: 500; padding: 0px 8px; }._menu_1vrqq_24 { display: flex; align-items: center; gap: 20px; }._link_1vrqq_30 { display: flex; align-items: center; gap: 16px; text-decoration: none; transition: color 0.2s; color: rgb(32, 27, 16); font-weight: 400; padding: 10px; }._active_1vrqq_41 { font-weight: 400; text-decoration: underline 2px rgb(32, 27, 16); text-underline-offset: 10px; }","data-vite-dev-id":"C:/Users/User/Desktop/galactic-analytics-js/galactic-analytics/src/components/Header/Header.module.css","type":"text/css"},"childNodes":[{"id":26,"rootId":null,"textContent":"","type":3}],"id":25,"isCustom":null,"isSVG":null,"rootId":null,"tagName":"style","type":2},{"attributes":{"_cssText":"._section_12snv_1 { margin: 20px 40px; font-family: Roboto, sans-serif; color: rgb(32, 27, 16); display: flex; flex-direction: column; align-items: center; box-sizing: border-box; }._uploadContainer_12snv_11 { display: flex; align-items: center; justify-content: space-between; gap: 10px; }._dropZone_12snv_18 { position: relative; background-color: rgb(234, 205, 255); border-radius: 40px; padding: 60px 0px; display: flex; flex-direction: column; align-items: center; border: 2px dashed transparent; width: 100%; box-sizing: border-box; margin-bottom: 20px; }._dropZone_12snv_18._dragging_12snv_32 { background-color: rgb(212, 250, 230); }._dropZone_12snv_18._fileLoaded_12snv_36 { background-color: transparent; border: 1px solid rgb(32, 27, 16); padding: 60px 24px; }._dropZone_12snv_18._error_12snv_42 { background-color: transparent; border: 1px solid rgb(255, 95, 0); }","data-vite-dev-id":"C:/Users/User/Desktop/galactic-analytics-js/galactic-analytics/src/components/Upload/Upload.module.css","type":"text/css"},"childNodes":[{"id":28,"rootId":null,"textContent":"","type":3}],"id":27,"isCustom":null,"isSVG":null,"rootId":null,"tagName":"style","type":2},{"attributes":{"_cssText":"._wrapper_psxdt_1 { display: flex; flex-direction: column; align-items: center; gap: 8px; width: 100%; }._button_psxdt_9 { display: flex; align-items: center; justify-content: center; border-radius: 15px; padding: 15px 24px; font-weight: 400; font-size: 35px; color: rgb(32, 27, 16); cursor: pointer; width: 100%; min-width: 360px; height: 70px; box-sizing: border-box; border: none; }._empty_psxdt_26 { background: white; border: 2px solid rgb(234, 205, 255); }._filled_psxdt_31 { background: rgb(203, 129, 255); }._parsing_psxdt_35 { background: rgb(203, 129, 255); }._error_psxdt_39 { background: rgb(255, 95, 0); color: white; border: none; }._success_psxdt_45 { background: rgb(212, 250, 230); border: none; }._loader_psxdt_50 { width: 24px; height: 24px; display: flex; align-items: center; justify-content: center; }._loader_psxdt_50 img { animation: 1s linear 0s infinite normal none running _spin_psxdt_1; transform-origin: center center; }@keyframes _spin_psxdt_1 { \n  100% { transform: rotate(360deg); }\n}","data-vite-dev-id":"C:/Users/User/Desktop/galactic-analytics-js/galactic-analytics/src/components/UploadButton/UploadButton.module.css","type":"text/css"},"childNodes":[{"id":30,"rootId":null,"textContent":"","type":3}],"id":29,"isCustom":null,"isSVG":null,"rootId":null,"tagName":"style","type":2},{"attributes":{"_cssText":"._button_icf7h_1 { display: inline-flex; align-items: center; justify-content: center; padding: 20px 27px; font-size: 35px; line-height: 1.1; border-radius: 25px; border: none; cursor: pointer; font-family: Roboto, sans-serif; font-weight: 500; }._default_icf7h_15 { background-color: rgb(42, 232, 129); color: rgb(32, 27, 16); }._primary_icf7h_20 { background-color: rgb(32, 27, 16); color: rgb(255, 255, 255); }._disabled_icf7h_25 { background-color: rgb(192, 192, 192); color: rgb(120, 120, 120); cursor: not-allowed; }","data-vite-dev-id":"C:/Users/User/Desktop/galactic-analytics-js/galactic-analytics/src/components/Button/Button.module.css","type":"text/css"},"childNodes":[{"id":32,"rootId":null,"textContent":"","type":3}],"id":31,"isCustom":null,"isSVG":null,"rootId":null,"tagName":"style","type":2},{"attributes":{"_cssText":"._clearButton_ghvn1_1 { width: 70px; height: 70px; background: rgb(32, 27, 16); border-radius: 10px; border: none; cursor: pointer; display: flex; align-items: center; justify-content: center; padding: 19px; }._deleteButton_ghvn1_14 { width: 87px; height: 87px; background: rgb(255, 255, 255); border-radius: 20px; border: none; cursor: pointer; display: flex; align-items: center; justify-content: center; padding: 27px; }","data-vite-dev-id":"C:/Users/User/Desktop/galactic-analytics-js/galactic-analytics/src/components/ClearButton/ClearButton.module.css","type":"text/css"},"childNodes":[{"id":34,"rootId":null,"textContent":"","type":3}],"id":33,"isCustom":null,"isSVG":null,"rootId":null,"tagName":"style","type":2},{"attributes":{"_cssText":"._container_77lr8_1 { display: grid; grid-template-columns: 1fr 1fr; grid-auto-flow: column; grid-template-rows: repeat(4, auto); gap: 10px 40px; margin: 40px 0px 0px; width: 100%; min-height: 450px; }._placeholder_77lr8_13 { color: rgb(203, 129, 255); font-size: 40px; line-height: 1.1; align-items: center; align-self: center; margin: auto; text-align: center; }._container_empty_77lr8_23 { display: flex; flex-direction: column; margin: 40px 40px 0px; width: 100%; min-height: 450px; }","data-vite-dev-id":"C:/Users/User/Desktop/galactic-analytics-js/galactic-analytics/src/components/AnalyticsTable/AnalyticsTable.module.css","type":"text/css"},"childNodes":[{"id":36,"rootId":null,"textContent":"","type":3}],"id":35,"isCustom":null,"isSVG":null,"rootId":null,"tagName":"style","type":2},{"attributes":{"_cssText":"._row_1nya8_1 { display: flex; margin-bottom: 10px; font-size: 18px; background-color: rgb(255, 255, 255); color: rgb(32, 27, 16); flex-direction: column; padding: 20px 0px; align-items: center; justify-content: center; border-radius: 24px; }._value_1nya8_14 { font-weight: 500; font-size: 40px; }._title_1nya8_19 { font-weight: 400; font-size: 20px; }._historyRow_1nya8_24 { display: flex; margin-bottom: 10px; font-size: 18px; background-color: rgb(234, 205, 255); color: rgb(32, 27, 16); flex-direction: column; padding: 20px 0px; align-items: center; justify-content: center; border-radius: 24px; }._historyRow_1nya8_24:last-child { margin-bottom: 0px; }","data-vite-dev-id":"C:/Users/User/Desktop/galactic-analytics-js/galactic-analytics/src/components/AnalyticsRow/AnalyticsRow.module.css","type":"text/css"},"childNodes":[{"id":38,"rootId":null,"textContent":"","type":3}],"id":37,"isCustom":null,"isSVG":null,"rootId":null,"tagName":"style","type":2},{"attributes":{"_cssText":"._statusText_1j2ic_1 { font-size: 35px; text-align: center; color: rgb(32, 27, 16); margin: 0px; }._errorText_1j2ic_9 { color: rgb(255, 95, 0); }","data-vite-dev-id":"C:/Users/User/Desktop/galactic-analytics-js/galactic-analytics/src/components/StatusLabel/StatusLabel.module.css","type":"text/css"},"childNodes":[{"id":40,"rootId":null,"textContent":"","type":3}],"id":39,"isCustom":null,"isSVG":null,"rootId":null,"tagName":"style","type":2},{"attributes":{"_cssText":"._title_12b9z_1 { font-size: 30px; margin: 80px 0px 0px; font-weight: 400; line-height: 1.1; text-align: center; color: rgb(32, 27, 16); }._highlight_12b9z_10 { font-weight: 700; }","data-vite-dev-id":"C:/Users/User/Desktop/galactic-analytics-js/galactic-analytics/src/components/Title/Title.module.css","type":"text/css"},"childNodes":[{"id":42,"rootId":null,"textContent":"","type":3}],"id":41,"isCustom":null,"isSVG":null,"rootId":null,"tagName":"style","type":2},{"attributes":{"_cssText":"._section_iogkb_1 { margin: 20px 40px 60px; font-family: Roboto, sans-serif; color: rgb(32, 27, 16); display: flex; flex-direction: column; align-items: center; box-sizing: border-box; }._uploadContainer_iogkb_11 { display: flex; align-items: center; justify-content: space-between; gap: 10px; }","data-vite-dev-id":"C:/Users/User/Desktop/galactic-analytics-js/galactic-analytics/src/components/Generator/Generator.module.css","type":"text/css"},"childNodes":[{"id":44,"rootId":null,"textContent":"","type":3}],"id":43,"isCustom":null,"isSVG":null,"rootId":null,"tagName":"style","type":2},{"attributes":{"_cssText":"._modalOverlay_dtxx7_1 { position: fixed; inset: 0px; background-color: rgba(0, 0, 0, 0.5); display: flex; justify-content: center; align-items: flex-start; z-index: 1000; overflow-y: auto; }._modalContent_dtxx7_15 { background: white; padding: 40px; border-radius: 45px; position: relative; top: 250px; width: 1000px; }._closeButton_dtxx7_24 { position: absolute; top: -35px; right: -82px; z-index: 1001; }","data-vite-dev-id":"C:/Users/User/Desktop/galactic-analytics-js/galactic-analytics/src/components/Modal/Modal.module.css","type":"text/css"},"childNodes":[{"id":46,"rootId":null,"textContent":"","type":3}],"id":45,"isCustom":null,"isSVG":null,"rootId":null,"tagName":"style","type":2},{"attributes":{"_cssText":"._row_d5kdo_1 { background-color: rgb(203, 129, 255); border-radius: 40px; margin: 0px 0px 10px; display: flex; flex-direction: row; align-items: center; justify-content: space-between; height: 87px; font-size: 30px; font-weight: 400; color: rgb(32, 27, 16); padding: 16px 20px; box-sizing: border-box; width: 100%; }._container_d5kdo_18 { display: flex; flex-direction: row; align-items: center; gap: 5px; }._smile_d5kdo_25 { height: 40px; width: 40px; }._opacity_d5kdo_30 { opacity: 0.5; }._modalContainer_d5kdo_34 { display: flex; flex-direction: column; gap: 13px; }","data-vite-dev-id":"C:/Users/User/Desktop/galactic-analytics-js/galactic-analytics/src/components/HistoryRow/HistoryRow.module.css","type":"text/css"},"childNodes":[{"id":48,"rootId":null,"textContent":"","type":3}],"id":47,"isCustom":null,"isSVG":null,"rootId":null,"tagName":"style","type":2},{"attributes":{"_cssText":"._section_1h6m6_1 { margin: 20px 40px 60px; font-family: Roboto, sans-serif; color: rgb(32, 27, 16); display: flex; flex-direction: column; align-items: center; box-sizing: border-box; justify-content: space-between; }._history_1h6m6_12 { display: flex; flex-direction: column; width: 100%; margin-bottom: 40px; }._row_1h6m6_19 { width: 100%; display: flex; flex-direction: row; gap: 40px; }._buttons_1h6m6_26 { display: flex; flex-direction: row; gap: 20px; }","data-vite-dev-id":"C:/Users/User/Desktop/galactic-analytics-js/galactic-analytics/src/components/History/History.module.css","type":"text/css"},"childNodes":[{"id":50,"rootId":null,"textContent":"","type":3}],"id":49,"isCustom":null,"isSVG":null,"rootId":null,"tagName":"style","type":2}],"id":4,"isCustom":null,"isSVG":null,"rootId":null,"tagName":"head","type":2},{"id":51,"rootId":null,"textContent":"\n  ","type":3},{"attributes":{},"childNodes":[{"id":53,"rootId":null,"textContent":"\n    ","type":3},{"attributes":{"id":"root"},"childNodes":[{"attributes":{"class":"_header_1vrqq_1"},"childNodes":[{"attributes":{"class":"_left_1vrqq_11"},"childNodes":[{"attributes":{"alt":"Логотип","src":"http://localhost:5173/images/Logo.svg"},"childNodes":[],"id":57,"isCustom":null,"isSVG":null,"rootId":null,"tagName":"img","type":2},{"attributes":{"class":"_title_1vrqq_17"},"childNodes":[{"id":59,"rootId":null,"textContent":"МЕЖГАЛАКТИЧЕСКАЯ АНАЛИТИКА","type":3}],"id":58,"isCustom":null,"isSVG":null,"rootId":null,"tagName":"span","type":2}],"id":56,"isCustom":null,"isSVG":null,"rootId":null,"tagName":"div","type":2},{"attributes":{"class":"_menu_1vrqq_24"},"childNodes":[{"attributes":{"class":"_link_1vrqq_30 ","data-discover":"true","data-testid":"link-analytics","href":"http://localhost:5173/"},"childNodes":[{"attributes":{"alt":"","src":"http://localhost:5173/images/Download.svg"},"childNodes":[],"id":62,"isCustom":null,"isSVG":null,"rootId":null,"tagName":"img","type":2},{"id":63,"rootId":null,"textContent":"CSV Аналитик","type":3}],"id":61,"isCustom":null,"isSVG":null,"rootId":null,"tagName":"a","type":2},{"attributes":{"class":"_link_1vrqq_30 _active_1vrqq_41","data-discover":"true","data-testid":"link-generate","href":"http://localhost:5173/generate"},"childNodes":[{"attributes":{"alt":"","src":"http://localhost:5173/images/Generator.svg"},"childNodes":[],"id":65,"isCustom":null,"isSVG":null,"rootId":null,"tagName":"img","type":2},{"id":66,"rootId":null,"textContent":"CSV Генератор","type":3}],"id":64,"isCustom":null,"isSVG":null,"rootId":null,"tagName":"a","type":2},{"attributes":{"class":"_link_1vrqq_30 ","data-discover":"true","data-testid":"link-history","href":"http://localhost:5173/history"},"childNodes":[{"attributes":{"alt":"","src":"http://localhost:5173/images/History.svg"},"childNodes":[],"id":68,"isCustom":null,"isSVG":null,"rootId":null,"tagName":"img","type":2},{"id":69,"rootId":null,"textContent":"История","type":3}],"id":67,"isCustom":null,"isSVG":null,"rootId":null,"tagName":"a","type":2}],"id":60,"isCustom":null,"isSVG":null,"rootId":null,"tagName":"nav","type":2}],"id":55,"isCustom":null,"isSVG":null,"rootId":null,"tagName":"header","type":2},{"attributes":{"class":"generate-page","data-testid":"generate-page"},"childNodes":[{"attributes":{"class":"_title_12b9z_1"},"childNodes":[{"id":72,"rootId":null,"textContent":"Сгенерируйте готовый csv-файл нажатием одной кнопки","type":3}],"id":71,"isCustom":null,"isSVG":null,"rootId":null,"tagName":"h2","type":2},{"attributes":{"class":"_section_iogkb_1"},"childNodes":[{"attributes":{"class":"_button_icf7h_1 _default_icf7h_15 ","data-testid":"start-button"},"childNodes":[{"id":75,"rootId":null,"textContent":"Начать генерацию","type":3}],"id":74,"isCustom":null,"isSVG":null,"rootId":null,"tagName":"button","type":2},{"attributes":{"class":"_statusText_1j2ic_1 ","data-testid":"status-label"},"childNodes":[],"id":76,"isCustom":null,"isSVG":null,"rootId":null,"tagName":"p","type":2}],"id":73,"isCustom":null,"isSVG":null,"rootId":null,"tagName":"div","type":2}],"id":70,"isCustom":null,"isSVG":null,"rootId":null,"tagName":"div","type":2}],"id":54,"isCustom":null,"isSVG":null,"rootId":null,"tagName":"div","type":2},{"id":77,"rootId":null,"textContent":"\n    ","type":3},{"attributes":{"src":"http://localhost:5173/src/main.jsx?t=1751110594940","type":"module"},"childNodes":[],"id":78,"isCustom":null,"isSVG":null,"rootId":null,"tagName":"script","type":2},{"id":79,"rootId":null,"textContent":"\n  \n\n","type":3}],"id":52,"isCustom":null,"isSVG":null,"rootId":null,"tagName":"body","type":2}],"id":3,"isCustom":null,"isSVG":null,"rootId":null,"tagName":"html","type":2}],"id":1,"type":0}},"timestamp":1751130603125,"type":2,"seqNo":2}
{"data":{"payload":{"colorScheme":"dark"},"tag":"color-scheme-change"},"timestamp":1751130603125,"type":5,"seqNo":3}
{"data":{"adds":[],"attributes":[{"attributes":{"content":"width=device-width,initial-scale=1.0,user-scalable=no"},"id":17}],"removes":[],"source":0,"texts":[]},"timestamp":1751130603259,"type":3,"seqNo":4}
{"data":{"positions":[{"id":74,"timeOffset":0,"x":518,"y":322}],"source":1},"timestamp":1751130603426,"type":3,"seqNo":5}
{"data":{"id":74,"source":2,"type":1,"x":518,"y":322},"timestamp":1751130603426,"type":3,"seqNo":6}
{"data":{"id":74,"source":2,"type":5,"x":null,"y":null},"timestamp":1751130603426,"type":3,"seqNo":7}
{"data":{"id":74,"source":2,"type":0,"x":518,"y":322},"timestamp":1751130603426,"type":3,"seqNo":8}
{"data":{"id":74,"pointerType":0,"source":2,"type":2,"x":518,"y":322},"timestamp":1751130603426,"type":3,"seqNo":9}
{"data":{"id":74,"source":2,"type":6,"x":null,"y":null},"timestamp":1751130603426,"type":3,"seqNo":10}
{"data":{"adds":[{"nextId":76,"node":{"attributes":{"class":"_uploadContainer_iogkb_11"},"childNodes":[],"id":80,"isCustom":null,"isSVG":null,"rootId":null,"tagName":"div","type":2},"parentId":73},{"nextId":null,"node":{"attributes":{"class":"_wrapper_psxdt_1"},"childNodes":[],"id":81,"isCustom":null,"isSVG":null,"rootId":null,"tagName":"div","type":2},"parentId":80},{"nextId":null,"node":{"attributes":{"accept":".csv","style":"display: none;","type":"file"},"childNodes":[],"id":82,"isCustom":null,"isSVG":null,"rootId":null,"tagName":"input","type":2},"parentId":81},{"nextId":null,"node":{"id":83,"rootId":null,"textContent":"идёт процесс генерации","type":3},"parentId":76},{"nextId":82,"node":{"attributes":{"class":"_button_psxdt_9 _parsing_psxdt_35","data-testid":"upload-button"},"childNodes":[],"id":84,"isCustom":null,"isSVG":null,"rootId":null,"tagName":"div","type":2},"parentId":81},{"nextId":null,"node":{"attributes":{"class":"_loader_psxdt_50"},"childNodes":[],"id":85,"isCustom":null,"isSVG":null,"rootId":null,"tagName":"span","type":2},"parentId":84},{"nextId":null,"node":{"attributes":{"alt":"Loading","src":"http://localhost:5173/images/Loading.svg"},"childNodes":[],"id":86,"isCustom":null,"isSVG":null,"rootId":null,"tagName":"img","type":2},"parentId":85}],"attributes":[],"removes":[{"id":74,"isShadow":null,"parentId":73}],"source":0,"texts":[]},"timestamp":1751130603426,"type":3,"seqNo":11}
{"data":{"id":82,"isChecked":false,"source":5,"text":""},"timestamp":1751130603447,"type":3,"seqNo":12}
{"data":{"positions":[{"id":3,"timeOffset":0,"x":708,"y":8}],"source":1},"timestamp":1751130604417,"type":3,"seqNo":13}
{"data":{"id":-1,"pointerType":0,"source":2,"type":2,"x":0,"y":0},"timestamp":1751130604501,"type":3,"seqNo":14}
{"data":{"adds":[{"nextId":null,"node":{"id":87,"rootId":null,"textContent":"Done!","type":3},"parentId":85},{"nextId":null,"node":{"attributes":{},"childNodes":[],"id":88,"isCustom":null,"isSVG":null,"rootId":null,"tagName":"div","type":2},"parentId":80},{"nextId":null,"node":{"attributes":{"class":"_clearButton_ghvn1_1","data-testid":"clear-button"},"childNodes":[],"id":89,"isCustom":null,"isSVG":null,"rootId":null,"tagName":"button","type":2},"parentId":88},{"nextId":null,"node":{"attributes":{"src":"http://localhost:5173/images/Cancel.svg"},"childNodes":[],"id":90,"isCustom":null,"isSVG":null,"rootId":null,"tagName":"img","type":2},"parentId":89}],"attributes":[{"attributes":{"class":null},"id":85},{"attributes":{"class":"_button_psxdt_9 _filled_psxdt_31  _success_psxdt_45"},"id":84},{"attributes":{"name":null},"id":82}],"removes":[{"id":86,"isShadow":null,"parentId":85}],"source":0,"texts":[{"id":83,"value":"файл сгенерирован!"}]},"timestamp":1751130604501,"type":3,"seqNo":15}
{"data":{"id":90,"source":2,"type":1,"x":703,"y":318},"timestamp":1751130604780,"type":3,"seqNo":16}
{"data":{"id":89,"source":2,"type":5,"x":null,"y":null},"timestamp":1751130604780,"type":3,"seqNo":17}
{"data":{"id":90,"source":2,"type":0,"x":703,"y":318},"timestamp":1751130604780,"type":3,"seqNo":18}
{"data":{"id":90,"pointerType":0,"source":2,"type":2,"x":703,"y":318},"timestamp":1751130604780,"type":3,"seqNo":19}
{"data":{"id":89,"source":2,"type":6,"x":null,"y":null},"timestamp":1751130604780,"type":3,"seqNo":20}
{"data":{"adds":[{"nextId":76,"node":{"attributes":{"class":"_button_icf7h_1 _default_icf7h_15 ","data-testid":"start-button"},"childNodes":[],"id":91,"isCustom":null,"isSVG":null,"rootId":null,"tagName":"button","type":2},"parentId":73},{"nextId":null,"node":{"id":92,"rootId":null,"textContent":"Начать генерацию","type":3},"parentId":91}],"attributes":[],"removes":[{"id":80,"isShadow":null,"parentId":73},{"id":83,"isShadow":null,"parentId":76}],"source":0,"texts":[]},"timestamp":1751130604780,"type":3,"seqNo":21}
{"data":{"id":1,"source":3,"x":0,"y":0},"timestamp":1751130607297,"type":3,"seqNo":22}